{
  "uas":82.1993708034,
  "las":73.916514063,
  "ents_p":0.0,
  "ents_r":0.0,
  "ents_f":0.0,
  "tags_acc":92.749364676,
  "token_acc":99.8570293884
}