{
  "lang":"id",
  "name":"unnamed",
  "pipeline":[
    "tagger",
    "parser"
  ],
  "accuracy":{
    "uas":82.1993708034,
    "las":73.916514063,
    "ents_p":0.0,
    "ents_r":0.0,
    "ents_f":0.0,
    "tags_acc":92.749364676,
    "token_acc":99.8570293884
  },
  "speed":{
    "nwords":12605,
    "cpu":7506.9706987486,
    "gpu":7403.6019514167
  },
  "vectors":{
    "width":0,
    "vectors":0,
    "keys":0
  },
  "spacy_version":">=2.0.16",
  "version":"0.0.0"
}