{
  "uas":82.0811419985,
  "las":73.6758076634,
  "ents_p":0.0,
  "ents_r":0.0,
  "ents_f":0.0,
  "tags_acc":88.3894536213,
  "token_acc":99.8649614743
}