{
  "lang":"id",
  "name":"unnamed",
  "pipeline":[
    "tagger",
    "parser"
  ],
  "accuracy":{
    "uas":82.8091259037,
    "las":74.6596563703,
    "ents_p":0.0,
    "ents_r":0.0,
    "ents_f":0.0,
    "tags_acc":92.6222998729,
    "token_acc":99.8490985625
  },
  "speed":{
    "nwords":12605,
    "cpu":7490.7044102204,
    "gpu":7416.4472292374
  },
  "vectors":{
    "width":0,
    "vectors":0,
    "keys":0
  },
  "spacy_version":">=2.0.16",
  "version":"0.0.0"
}