{
  "uas":81.7118429088,
  "las":73.4532813454,
  "ents_p":0.0,
  "ents_r":0.0,
  "ents_f":0.0,
  "tags_acc":89.334498094,
  "token_acc":99.8649614743
}