{
  "uas":82.1457090516,
  "las":73.5685095589,
  "ents_p":0.0,
  "ents_r":0.0,
  "ents_f":0.0,
  "tags_acc":88.7944726811,
  "token_acc":99.8649614743
}