{
  "lang":"id",
  "name":"unnamed",
  "pipeline":[
    "tagger",
    "parser"
  ],
  "accuracy":{
    "uas":82.0606743684,
    "las":73.588804358,
    "ents_p":0.0,
    "ents_r":0.0,
    "ents_f":0.0,
    "tags_acc":89.0803684879,
    "token_acc":99.8649614743
  },
  "speed":{
    "nwords":12605,
    "cpu":7531.932566194,
    "gpu":7423.5256902149
  },
  "vectors":{
    "width":0,
    "vectors":0,
    "keys":0
  },
  "spacy_version":">=2.0.16",
  "version":"0.0.0"
}