{
  "lang":"id",
  "name":"unnamed",
  "pipeline":[
    "tagger",
    "parser"
  ],
  "accuracy":{
    "uas":82.2203437588,
    "las":73.8611815535,
    "ents_p":0.0,
    "ents_r":0.0,
    "ents_f":0.0,
    "tags_acc":85.5543202033,
    "token_acc":99.8570293884
  },
  "speed":{
    "nwords":12605,
    "cpu":7449.0953805177,
    "gpu":7368.6076862926
  },
  "vectors":{
    "width":0,
    "vectors":0,
    "keys":0
  },
  "spacy_version":">=2.0.16",
  "version":"0.0.0"
}