{
  "uas":82.1153484877,
  "las":73.5957167011,
  "ents_p":0.0,
  "ents_r":0.0,
  "ents_f":0.0,
  "tags_acc":89.2312579416,
  "token_acc":99.8649614743
}