{
  "lang":"id",
  "name":"unnamed",
  "pipeline":[
    "tagger",
    "parser"
  ],
  "accuracy":{
    "uas":82.1457090516,
    "las":73.5685095589,
    "ents_p":0.0,
    "ents_r":0.0,
    "ents_f":0.0,
    "tags_acc":88.7944726811,
    "token_acc":99.8649614743
  },
  "speed":{
    "nwords":12605,
    "cpu":7536.602861538,
    "gpu":7445.8880746224
  },
  "vectors":{
    "width":0,
    "vectors":0,
    "keys":0
  },
  "spacy_version":">=2.0.16",
  "version":"0.0.0"
}