{
  "uas":80.2742170259,
  "las":71.0053059116,
  "ents_p":0.0,
  "ents_r":0.0,
  "ents_f":0.0,
  "tags_acc":90.3907242694,
  "token_acc":99.8411689962
}