{
  "uas":82.2280668796,
  "las":73.6990418937,
  "ents_p":0.0,
  "ents_r":0.0,
  "ents_f":0.0,
  "tags_acc":88.8977128335,
  "token_acc":99.8649614743
}