{
  "lang":"id",
  "name":"unnamed",
  "pipeline":[
    "tagger",
    "parser"
  ],
  "accuracy":{
    "uas":82.2280668796,
    "las":73.6990418937,
    "ents_p":0.0,
    "ents_r":0.0,
    "ents_f":0.0,
    "tags_acc":88.8977128335,
    "token_acc":99.8649614743
  },
  "speed":{
    "nwords":12605,
    "cpu":7541.6346049579,
    "gpu":7462.9799133013
  },
  "vectors":{
    "width":0,
    "vectors":0,
    "keys":0
  },
  "spacy_version":">=2.0.16",
  "version":"0.0.0"
}