{
  "lang":"id",
  "name":"unnamed",
  "pipeline":[
    "tagger",
    "parser"
  ],
  "accuracy":{
    "uas":82.0811419985,
    "las":73.6758076634,
    "ents_p":0.0,
    "ents_r":0.0,
    "ents_f":0.0,
    "tags_acc":88.3894536213,
    "token_acc":99.8649614743
  },
  "speed":{
    "nwords":12605,
    "cpu":7461.249216419,
    "gpu":7379.3000008946
  },
  "vectors":{
    "width":0,
    "vectors":0,
    "keys":0
  },
  "spacy_version":">=2.0.16",
  "version":"0.0.0"
}