{
  "uas":82.1982151245,
  "las":73.9220291217,
  "ents_p":0.0,
  "ents_r":0.0,
  "ents_f":0.0,
  "tags_acc":87.5635324015,
  "token_acc":99.8649614743
}