{
  "uas":82.2126220887,
  "las":73.9012021037,
  "ents_p":0.0,
  "ents_r":0.0,
  "ents_f":0.0,
  "tags_acc":92.6858322745,
  "token_acc":99.8570293884
}