{
  "uas":81.9766076377,
  "las":73.7564000188,
  "ents_p":0.0,
  "ents_r":0.0,
  "ents_f":0.0,
  "tags_acc":84.6172172808,
  "token_acc":99.8649614743
}