{
  "uas":82.2877535687,
  "las":73.6664162284,
  "ents_p":0.0,
  "ents_r":0.0,
  "ents_f":0.0,
  "tags_acc":86.2452350699,
  "token_acc":99.8649614743
}