{
  "uas":82.4241855225,
  "las":74.23716083,
  "ents_p":0.0,
  "ents_r":0.0,
  "ents_f":0.0,
  "tags_acc":92.7334815756,
  "token_acc":99.8490985625
}