{
  "uas":81.6615817883,
  "las":73.1189861535,
  "ents_p":0.0,
  "ents_r":0.0,
  "ents_f":0.0,
  "tags_acc":91.6454891995,
  "token_acc":99.8253136414
}