{
  "lang":"id",
  "name":"unnamed",
  "pipeline":[
    "tagger",
    "parser"
  ],
  "accuracy":{
    "uas":81.6615817883,
    "las":73.1189861535,
    "ents_p":0.0,
    "ents_r":0.0,
    "ents_f":0.0,
    "tags_acc":91.6454891995,
    "token_acc":99.8253136414
  },
  "speed":{
    "nwords":12605,
    "cpu":7030.8656485776,
    "gpu":7500.4900280595
  },
  "vectors":{
    "width":0,
    "vectors":0,
    "keys":0
  },
  "spacy_version":">=2.0.16",
  "version":"0.0.0"
}