{
  "lang":"id",
  "name":"unnamed",
  "pipeline":[
    "tagger",
    "parser"
  ],
  "accuracy":{
    "uas":82.673801812,
    "las":74.703093461,
    "ents_p":0.0,
    "ents_r":0.0,
    "ents_f":0.0,
    "tags_acc":92.6620076239,
    "token_acc":99.8490985625
  },
  "speed":{
    "nwords":12605,
    "cpu":7502.1648179418,
    "gpu":7344.4847453041
  },
  "vectors":{
    "width":0,
    "vectors":0,
    "keys":0
  },
  "spacy_version":">=2.0.16",
  "version":"0.0.0"
}