{
  "lang":"id",
  "name":"unnamed",
  "pipeline":[
    "tagger",
    "parser"
  ],
  "accuracy":{
    "uas":82.0739210069,
    "las":73.6298314,
    "ents_p":0.0,
    "ents_r":0.0,
    "ents_f":0.0,
    "tags_acc":88.667407878,
    "token_acc":99.8649614743
  },
  "speed":{
    "nwords":12605,
    "cpu":7521.8004497676,
    "gpu":7441.8889225527
  },
  "vectors":{
    "width":0,
    "vectors":0,
    "keys":0
  },
  "spacy_version":">=2.0.16",
  "version":"0.0.0"
}