{
  "lang":"id",
  "name":"unnamed",
  "pipeline":[
    "tagger",
    "parser"
  ],
  "accuracy":{
    "uas":82.2877535687,
    "las":73.6664162284,
    "ents_p":0.0,
    "ents_r":0.0,
    "ents_f":0.0,
    "tags_acc":86.2452350699,
    "token_acc":99.8649614743
  },
  "speed":{
    "nwords":12605,
    "cpu":7421.0606282797,
    "gpu":7268.8046481788
  },
  "vectors":{
    "width":0,
    "vectors":0,
    "keys":0
  },
  "spacy_version":">=2.0.16",
  "version":"0.0.0"
}