{
  "lang":"id",
  "name":"unnamed",
  "pipeline":[
    "tagger",
    "parser"
  ],
  "accuracy":{
    "uas":82.0197275716,
    "las":73.6589948333,
    "ents_p":0.0,
    "ents_r":0.0,
    "ents_f":0.0,
    "tags_acc":88.9533036849,
    "token_acc":99.8649614743
  },
  "speed":{
    "nwords":12605,
    "cpu":7549.7068310724,
    "gpu":7431.3550596022
  },
  "vectors":{
    "width":0,
    "vectors":0,
    "keys":0
  },
  "spacy_version":">=2.0.16",
  "version":"0.0.0"
}