{
  "uas":82.0606743684,
  "las":73.588804358,
  "ents_p":0.0,
  "ents_r":0.0,
  "ents_f":0.0,
  "tags_acc":89.0803684879,
  "token_acc":99.8649614743
}