{
  "uas":82.5086846306,
  "las":74.368603887,
  "ents_p":0.0,
  "ents_r":0.0,
  "ents_f":0.0,
  "tags_acc":92.6778907243,
  "token_acc":99.8490985625
}