{
  "lang":"id",
  "name":"unnamed",
  "pipeline":[
    "tagger",
    "parser"
  ],
  "accuracy":{
    "uas":82.9366755856,
    "las":74.703093461,
    "ents_p":0.0,
    "ents_r":0.0,
    "ents_f":0.0,
    "tags_acc":92.4237611182,
    "token_acc":99.8490985625
  },
  "speed":{
    "nwords":12605,
    "cpu":7485.6040816941,
    "gpu":7613.7727726611
  },
  "vectors":{
    "width":0,
    "vectors":0,
    "keys":0
  },
  "spacy_version":">=2.0.16",
  "version":"0.0.0"
}