{
  "uas":82.4457593688,
  "las":74.1053817977,
  "ents_p":0.0,
  "ents_r":0.0,
  "ents_f":0.0,
  "tags_acc":92.8049555273,
  "token_acc":99.8490985625
}