{
  "lang":"id",
  "name":"unnamed",
  "pipeline":[
    "tagger",
    "parser"
  ],
  "accuracy":{
    "uas":82.4457593688,
    "las":74.1053817977,
    "ents_p":0.0,
    "ents_r":0.0,
    "ents_f":0.0,
    "tags_acc":92.8049555273,
    "token_acc":99.8490985625
  },
  "speed":{
    "nwords":12605,
    "cpu":7504.1314515063,
    "gpu":7429.7478483133
  },
  "vectors":{
    "width":0,
    "vectors":0,
    "keys":0
  },
  "spacy_version":">=2.0.16",
  "version":"0.0.0"
}