{
  "uas":82.2203437588,
  "las":73.8611815535,
  "ents_p":0.0,
  "ents_r":0.0,
  "ents_f":0.0,
  "tags_acc":85.5543202033,
  "token_acc":99.8570293884
}