{
  "uas":82.5727699531,
  "las":74.234741784,
  "ents_p":0.0,
  "ents_r":0.0,
  "ents_f":0.0,
  "tags_acc":92.6858322745,
  "token_acc":99.8490985625
}