{
  "lang":"id",
  "name":"unnamed",
  "pipeline":[
    "tagger",
    "parser"
  ],
  "accuracy":{
    "uas":82.5727699531,
    "las":74.234741784,
    "ents_p":0.0,
    "ents_r":0.0,
    "ents_f":0.0,
    "tags_acc":92.6858322745,
    "token_acc":99.8490985625
  },
  "speed":{
    "nwords":12605,
    "cpu":7487.0887930071,
    "gpu":7413.935910218
  },
  "vectors":{
    "width":0,
    "vectors":0,
    "keys":0
  },
  "spacy_version":">=2.0.16",
  "version":"0.0.0"
}