{
  "uas":82.8091259037,
  "las":74.6596563703,
  "ents_p":0.0,
  "ents_r":0.0,
  "ents_f":0.0,
  "tags_acc":92.6222998729,
  "token_acc":99.8490985625
}