{
  "uas":82.0197275716,
  "las":73.6589948333,
  "ents_p":0.0,
  "ents_r":0.0,
  "ents_f":0.0,
  "tags_acc":88.9533036849,
  "token_acc":99.8649614743
}