{
  "uas":82.0739210069,
  "las":73.6298314,
  "ents_p":0.0,
  "ents_r":0.0,
  "ents_f":0.0,
  "tags_acc":88.667407878,
  "token_acc":99.8649614743
}