{
  "uas":83.0305590762,
  "las":74.9378021875,
  "ents_p":0.0,
  "ents_r":0.0,
  "ents_f":0.0,
  "tags_acc":92.5349428208,
  "token_acc":99.8490985625
}