{
  "lang":"id",
  "name":"unnamed",
  "pipeline":[
    "tagger",
    "parser"
  ],
  "accuracy":{
    "uas":82.2126220887,
    "las":73.9012021037,
    "ents_p":0.0,
    "ents_r":0.0,
    "ents_f":0.0,
    "tags_acc":92.6858322745,
    "token_acc":99.8570293884
  },
  "speed":{
    "nwords":12605,
    "cpu":7440.9668753116,
    "gpu":7356.3597458398
  },
  "vectors":{
    "width":0,
    "vectors":0,
    "keys":0
  },
  "spacy_version":">=2.0.16",
  "version":"0.0.0"
}