{
  "lang":"id",
  "name":"unnamed",
  "pipeline":[
    "tagger",
    "parser"
  ],
  "accuracy":{
    "uas":82.0871688897,
    "las":73.7554010896,
    "ents_p":0.0,
    "ents_r":0.0,
    "ents_f":0.0,
    "tags_acc":89.3027318933,
    "token_acc":99.8570293884
  },
  "speed":{
    "nwords":12605,
    "cpu":7542.1739865243,
    "gpu":7464.2397231014
  },
  "vectors":{
    "width":0,
    "vectors":0,
    "keys":0
  },
  "spacy_version":">=2.0.16",
  "version":"0.0.0"
}