{
  "uas":82.8499014362,
  "las":74.504834319,
  "ents_p":0.0,
  "ents_r":0.0,
  "ents_f":0.0,
  "tags_acc":92.0505082592,
  "token_acc":99.8411689962
}