{
  "lang":"id",
  "name":"unnamed",
  "pipeline":[
    "tagger",
    "parser"
  ],
  "accuracy":{
    "uas":82.8499014362,
    "las":74.504834319,
    "ents_p":0.0,
    "ents_r":0.0,
    "ents_f":0.0,
    "tags_acc":92.0505082592,
    "token_acc":99.8411689962
  },
  "speed":{
    "nwords":12605,
    "cpu":7325.7761525503,
    "gpu":7606.4097484531
  },
  "vectors":{
    "width":0,
    "vectors":0,
    "keys":0
  },
  "spacy_version":">=2.0.16",
  "version":"0.0.0"
}