{
  "uas":81.9556640992,
  "las":73.6051099004,
  "ents_p":0.0,
  "ents_r":0.0,
  "ents_f":0.0,
  "tags_acc":88.9850698856,
  "token_acc":99.8649614743
}