{
  "uas":82.0943883541,
  "las":73.8107536981,
  "ents_p":0.0,
  "ents_r":0.0,
  "ents_f":0.0,
  "tags_acc":92.7970139771,
  "token_acc":99.8411689962
}