{
  "lang":"id",
  "name":"unnamed",
  "pipeline":[
    "tagger",
    "parser"
  ],
  "accuracy":{
    "uas":82.0943883541,
    "las":73.8107536981,
    "ents_p":0.0,
    "ents_r":0.0,
    "ents_f":0.0,
    "tags_acc":92.7970139771,
    "token_acc":99.8411689962
  },
  "speed":{
    "nwords":12605,
    "cpu":7479.0371903118,
    "gpu":7402.2092375963
  },
  "vectors":{
    "width":0,
    "vectors":0,
    "keys":0
  },
  "spacy_version":">=2.0.16",
  "version":"0.0.0"
}