{
  "uas":82.673801812,
  "las":74.703093461,
  "ents_p":0.0,
  "ents_r":0.0,
  "ents_f":0.0,
  "tags_acc":92.6620076239,
  "token_acc":99.8490985625
}