{
  "uas":82.2097994081,
  "las":73.8854700052,
  "ents_p":0.0,
  "ents_r":0.0,
  "ents_f":0.0,
  "tags_acc":88.9612452351,
  "token_acc":99.8649614743
}