{
  "lang":"id",
  "name":"unnamed",
  "pipeline":[
    "tagger",
    "parser"
  ],
  "accuracy":{
    "uas":82.2097994081,
    "las":73.8854700052,
    "ents_p":0.0,
    "ents_r":0.0,
    "ents_f":0.0,
    "tags_acc":88.9612452351,
    "token_acc":99.8649614743
  },
  "speed":{
    "nwords":12605,
    "cpu":7537.0748773065,
    "gpu":7391.2416466618
  },
  "vectors":{
    "width":0,
    "vectors":0,
    "keys":0
  },
  "spacy_version":">=2.0.16",
  "version":"0.0.0"
}