{
  "uas":82.0871688897,
  "las":73.7554010896,
  "ents_p":0.0,
  "ents_r":0.0,
  "ents_f":0.0,
  "tags_acc":89.3027318933,
  "token_acc":99.8570293884
}