{
  "uas":81.629010287,
  "las":73.3900136221,
  "ents_p":0.0,
  "ents_r":0.0,
  "ents_f":0.0,
  "tags_acc":89.3027318933,
  "token_acc":99.8649614743
}