{
  "lang":"id",
  "name":"unnamed",
  "pipeline":[
    "tagger",
    "parser"
  ],
  "accuracy":{
    "uas":81.629010287,
    "las":73.3900136221,
    "ents_p":0.0,
    "ents_r":0.0,
    "ents_f":0.0,
    "tags_acc":89.3027318933,
    "token_acc":99.8649614743
  },
  "speed":{
    "nwords":12605,
    "cpu":7527.6887322672,
    "gpu":7374.3397745155
  },
  "vectors":{
    "width":0,
    "vectors":0,
    "keys":0
  },
  "spacy_version":">=2.0.16",
  "version":"0.0.0"
}