{
  "lang":"id",
  "name":"unnamed",
  "pipeline":[
    "tagger",
    "parser"
  ],
  "accuracy":{
    "uas":81.9766076377,
    "las":73.7564000188,
    "ents_p":0.0,
    "ents_r":0.0,
    "ents_f":0.0,
    "tags_acc":84.6172172808,
    "token_acc":99.8649614743
  },
  "speed":{
    "nwords":12605,
    "cpu":7389.2303804699,
    "gpu":7303.0035391979
  },
  "vectors":{
    "width":0,
    "vectors":0,
    "keys":0
  },
  "spacy_version":">=2.0.16",
  "version":"0.0.0"
}