{
  "lang":"id",
  "name":"unnamed",
  "pipeline":[
    "tagger",
    "parser"
  ],
  "accuracy":{
    "uas":82.5086846306,
    "las":74.368603887,
    "ents_p":0.0,
    "ents_r":0.0,
    "ents_f":0.0,
    "tags_acc":92.6778907243,
    "token_acc":99.8490985625
  },
  "speed":{
    "nwords":12605,
    "cpu":7003.2469175241,
    "gpu":7380.379096609
  },
  "vectors":{
    "width":0,
    "vectors":0,
    "keys":0
  },
  "spacy_version":">=2.0.16",
  "version":"0.0.0"
}